iso2,degree_centrality
IQ,0.34285714285714286
AE,0.3142857142857143
SA,0.3142857142857143
EG,0.22857142857142856
TN,0.22857142857142856
MA,0.19999999999999998
FR,0.19999999999999998
OM,0.17142857142857143
BH,0.17142857142857143
MR,0.17142857142857143
AT,0.17142857142857143
AZ,0.14285714285714285
IR,0.14285714285714285
IT,0.14285714285714285
JO,0.14285714285714285
